cell_id,number of filtered gene,number of corrected UMI,UMI A percentage,UMI T percentage,UMI G percentage,UMI C percentage
P23,0,88,0,0,0,0,
P21,0,78,0,0,0,0,
P20,0,21129,0,0,0,0,
P19,0,16185,0,0,0,0,
P17,0,19019,0,0,0,0,
P16,0,18264,0,0,0,0,
P15,0,26816,0,0,0,0,
P11,0,81,0,0,0,0,
P9,0,62322,0,0,0,0,
P6,0,47054,0,0,0,0,
P4,0,19671,0,0,0,0,
P3,0,30152,0,0,0,0,
O23,0,67,0,0,0,0,
O21,0,23426,0,0,0,0,
O16,0,20872,0,0,0,0,
O15,0,100197,0,0,0,0,
O13,0,114303,0,0,0,0,
O12,0,32318,0,0,0,0,
O11,0,24559,0,0,0,0,
O10,0,22496,0,0,0,0,
O9,0,25927,0,0,0,0,
O5,0,92255,0,0,0,0,
O19,0,20141,0,0,0,0,
O3,0,307,0,0,0,0,
O1,0,2107,0,0,0,0,
N24,0,33377,0,0,0,0,
N23,0,47267,0,0,0,0,
N21,0,71263,0,0,0,0,
P1,0,10266,0,0,0,0,
N20,0,38001,0,0,0,0,
N18,0,46346,0,0,0,0,
N17,0,54619,0,0,0,0,
N16,0,22669,0,0,0,0,
N15,0,80,0,0,0,0,
N13,0,25492,0,0,0,0,
N10,0,47946,0,0,0,0,
N9,0,16936,0,0,0,0,
N7,0,86042,0,0,0,0,
N4,0,33139,0,0,0,0,
N1,0,1108,0,0,0,0,
M23,0,16416,0,0,0,0,
M18,0,56468,0,0,0,0,
M16,0,85690,0,0,0,0,
M13,0,44952,0,0,0,0,
M10,0,77547,0,0,0,0,
P13,0,209,0,0,0,0,
M9,0,54460,0,0,0,0,
M8,0,75746,0,0,0,0,
M6,0,91171,0,0,0,0,
M5,0,23786,0,0,0,0,
M3,0,1698,0,0,0,0,
M1,0,83406,0,0,0,0,
L24,0,82003,0,0,0,0,
L21,0,64,0,0,0,0,
L20,0,37123,0,0,0,0,
L19,0,25055,0,0,0,0,
L18,0,15299,0,0,0,0,
M20,0,86122,0,0,0,0,
L17,0,62930,0,0,0,0,
L16,0,13,0,0,0,0,
P7,0,16842,0,0,0,0,
L15,0,78,0,0,0,0,
L14,0,32918,0,0,0,0,
L13,0,23813,0,0,0,0,
L10,0,26769,0,0,0,0,
L9,0,77746,0,0,0,0,
L8,0,11386,0,0,0,0,
L7,0,31,0,0,0,0,
M24,0,15448,0,0,0,0,
L6,0,78128,0,0,0,0,
L5,0,72482,0,0,0,0,
L3,0,51432,0,0,0,0,
K22,0,52740,0,0,0,0,
K16,0,4,0,0,0,0,
K12,0,6346,0,0,0,0,
K11,0,6082,0,0,0,0,
O8,0,113253,0,0,0,0,
O7,0,51851,0,0,0,0,
K10,0,111603,0,0,0,0,
K19,0,136,0,0,0,0,
K9,0,16215,0,0,0,0,
K8,0,8998,0,0,0,0,
K7,0,60581,0,0,0,0,
P2,0,8,0,0,0,0,
K6,0,100,0,0,0,0,
P10,0,15816,0,0,0,0,
K5,0,124,0,0,0,0,
K4,0,87044,0,0,0,0,
K1,0,3330,0,0,0,0,
J23,0,20789,0,0,0,0,
J22,0,35934,0,0,0,0,
J20,0,18251,0,0,0,0,
O20,0,21792,0,0,0,0,
J15,0,21386,0,0,0,0,
J13,0,42953,0,0,0,0,
J10,0,24246,0,0,0,0,
J9,0,4335,0,0,0,0,
J8,0,5550,0,0,0,0,
J7,0,47411,0,0,0,0,
N14,0,119847,0,0,0,0,
J2,0,1382,0,0,0,0,
J1,0,1381,0,0,0,0,
I24,0,21226,0,0,0,0,
I23,0,20206,0,0,0,0,
I21,0,101598,0,0,0,0,
I19,0,3,0,0,0,0,
I17,0,15134,0,0,0,0,
I14,0,65023,0,0,0,0,
K18,0,72356,0,0,0,0,
I13,0,91447,0,0,0,0,
I12,0,16247,0,0,0,0,
P5,0,22386,0,0,0,0,
I22,0,22222,0,0,0,0,
I11,0,35257,0,0,0,0,
K15,0,49662,0,0,0,0,
I10,0,27093,0,0,0,0,
M15,0,24217,0,0,0,0,
K17,0,29,0,0,0,0,
I9,0,94,0,0,0,0,
J6,0,61273,0,0,0,0,
I8,0,29761,0,0,0,0,
J24,0,14282,0,0,0,0,
F20,0,22448,0,0,0,0,
A20,0,50485,0,0,0,0,
D20,0,64895,0,0,0,0,
J18,0,38934,0,0,0,0,
G9,0,23525,0,0,0,0,
D19,0,17189,0,0,0,0,
N12,0,8,0,0,0,0,
F2,0,1584,0,0,0,0,
K21,0,24867,0,0,0,0,
D22,0,57483,0,0,0,0,
D15,0,50889,0,0,0,0,
D12,0,25741,0,0,0,0,
D8,0,57769,0,0,0,0,
A2,0,36937,0,0,0,0,
D6,0,29815,0,0,0,0,
A1,0,85502,0,0,0,0,
K2,0,2238,0,0,0,0,
D1,0,1139,0,0,0,0,
B24,0,50860,0,0,0,0,
H8,0,7645,0,0,0,0,
D10,0,16450,0,0,0,0,
N5,0,51262,0,0,0,0,
M12,0,50589,0,0,0,0,
L23,0,30623,0,0,0,0,
C19,0,69729,0,0,0,0,
C17,0,17700,0,0,0,0,
O2,0,1850,0,0,0,0,
N3,0,38373,0,0,0,0,
M4,0,2499,0,0,0,0,
K14,0,115,0,0,0,0,
C20,0,409,0,0,0,0,
K3,0,83762,0,0,0,0,
C15,0,55895,0,0,0,0,
M7,0,70725,0,0,0,0,
C13,0,22514,0,0,0,0,
C11,0,36675,0,0,0,0,
C6,0,75355,0,0,0,0,
D7,0,112531,0,0,0,0,
D13,0,464,0,0,0,0,
G11,0,9936,0,0,0,0,
D3,0,60314,0,0,0,0,
O6,0,29384,0,0,0,0,
E6,0,27038,0,0,0,0,
A23,0,61667,0,0,0,0,
B2,0,31131,0,0,0,0,
C10,0,36059,0,0,0,0,
C4,0,1404,0,0,0,0,
B10,0,13943,0,0,0,0,
C3,0,3075,0,0,0,0,
G10,0,31294,0,0,0,0,
C14,0,99092,0,0,0,0,
L12,0,20221,0,0,0,0,
F18,0,43415,0,0,0,0,
A22,0,172,0,0,0,0,
A21,0,33892,0,0,0,0,
B13,0,39259,0,0,0,0,
A17,0,31,0,0,0,0,
A18,0,25453,0,0,0,0,
M22,0,63183,0,0,0,0,
A13,0,66767,0,0,0,0,
O18,0,56419,0,0,0,0,
M2,0,1692,0,0,0,0,
G23,0,72975,0,0,0,0,
C21,0,20516,0,0,0,0,
B9,0,107520,0,0,0,0,
A5,0,89625,0,0,0,0,
A12,0,18897,0,0,0,0,
K24,0,23546,0,0,0,0,
D23,0,52,0,0,0,0,
B12,0,30475,0,0,0,0,
M21,0,64263,0,0,0,0,
A4,0,34034,0,0,0,0,
M11,0,50768,0,0,0,0,
C7,0,161,0,0,0,0,
M14,0,3,0,0,0,0,
H20,0,44017,0,0,0,0,
A3,0,32643,0,0,0,0,
K20,0,28872,0,0,0,0,
G7,0,31828,0,0,0,0,
I20,0,81483,0,0,0,0,
C1,0,88234,0,0,0,0,
H4,0,39112,0,0,0,0,
B7,0,21109,0,0,0,0,
J4,0,39256,0,0,0,0,
G2,0,3160,0,0,0,0,
G21,0,26062,0,0,0,0,
C9,0,193,0,0,0,0,
I4,0,143325,0,0,0,0,
C2,0,31561,0,0,0,0,
P22,0,76142,0,0,0,0,
P14,0,124843,0,0,0,0,
B20,0,40815,0,0,0,0,
I7,0,11992,0,0,0,0,
C23,0,36464,0,0,0,0,
D16,0,47204,0,0,0,0,
J19,0,27924,0,0,0,0,
F22,0,15438,0,0,0,0,
D5,0,22185,0,0,0,0,
B19,0,60549,0,0,0,0,
O14,0,62193,0,0,0,0,
J17,0,21,0,0,0,0,
B17,0,32548,0,0,0,0,
F16,0,14176,0,0,0,0,
N2,0,808,0,0,0,0,
J5,0,78029,0,0,0,0,
A14,0,135721,0,0,0,0,
K13,0,58932,0,0,0,0,
E8,0,21814,0,0,0,0,
P18,0,12960,0,0,0,0,
G4,0,3211,0,0,0,0,
B18,0,53864,0,0,0,0,
F21,0,63524,0,0,0,0,
G15,0,68990,0,0,0,0,
B15,0,28,0,0,0,0,
F7,0,14216,0,0,0,0,
C8,0,81044,0,0,0,0,
A6,0,18113,0,0,0,0,
F15,0,102,0,0,0,0,
G13,0,25610,0,0,0,0,
G12,0,12336,0,0,0,0,
J21,0,19423,0,0,0,0,
J14,0,33262,0,0,0,0,
C12,0,27073,0,0,0,0,
A8,0,33388,0,0,0,0,
M17,0,10,0,0,0,0,
G18,0,84309,0,0,0,0,
L4,0,19644,0,0,0,0,
B11,0,20612,0,0,0,0,
D11,0,23623,0,0,0,0,
G24,0,21674,0,0,0,0,
B23,0,259,0,0,0,0,
D17,0,42382,0,0,0,0,
A15,0,97582,0,0,0,0,
D2,0,1945,0,0,0,0,
B5,0,69879,0,0,0,0,
A9,0,31923,0,0,0,0,
A24,0,41904,0,0,0,0,
C22,0,6963,0,0,0,0,
H24,0,358,0,0,0,0,
L2,0,1568,0,0,0,0,
B16,0,65640,0,0,0,0,
B1,0,47921,0,0,0,0,
N19,0,35910,0,0,0,0,
G14,0,63019,0,0,0,0,
H15,0,28609,0,0,0,0,
N11,0,11,0,0,0,0,
A7,0,19782,0,0,0,0,
A11,0,32820,0,0,0,0,
D14,0,43920,0,0,0,0,
B8,0,37566,0,0,0,0,
G16,0,58077,0,0,0,0,
E1,0,2118,0,0,0,0,
B4,0,54288,0,0,0,0,
C24,0,79331,0,0,0,0,
B22,0,14634,0,0,0,0,
B6,0,92,0,0,0,0,
B14,0,17082,0,0,0,0,
E3,0,27,0,0,0,0,
I15,0,26053,0,0,0,0,
H3,0,92333,0,0,0,0,
I16,0,109174,0,0,0,0,
E5,0,59322,0,0,0,0,
O22,0,863,0,0,0,0,
F8,0,18011,0,0,0,0,
E7,0,55279,0,0,0,0,
E9,0,39873,0,0,0,0,
L1,0,785,0,0,0,0,
E10,0,40345,0,0,0,0,
A16,0,38255,0,0,0,0,
G22,0,49970,0,0,0,0,
G3,0,2125,0,0,0,0,
A19,0,39734,0,0,0,0,
E12,0,24066,0,0,0,0,
J12,0,7969,0,0,0,0,
I18,0,26756,0,0,0,0,
D4,0,8,0,0,0,0,
E13,0,91699,0,0,0,0,
E14,0,76616,0,0,0,0,
E15,0,29771,0,0,0,0,
E16,0,65720,0,0,0,0,
E17,0,36717,0,0,0,0,
J16,0,62737,0,0,0,0,
H16,0,27940,0,0,0,0,
E18,0,49363,0,0,0,0,
E19,0,67842,0,0,0,0,
O17,0,15126,0,0,0,0,
B3,0,62293,0,0,0,0,
F24,0,27726,0,0,0,0,
H17,0,34049,0,0,0,0,
E20,0,15069,0,0,0,0,
E21,0,104,0,0,0,0,
D24,0,60421,0,0,0,0,
F10,0,42352,0,0,0,0,
P12,0,75191,0,0,0,0,
N6,0,23636,0,0,0,0,
E22,0,135046,0,0,0,0,
B21,0,65775,0,0,0,0,
E23,0,43338,0,0,0,0,
F1,0,1477,0,0,0,0,
D21,0,26564,0,0,0,0,
F12,0,3141,0,0,0,0,
F4,0,16822,0,0,0,0,
F5,0,22795,0,0,0,0,
F6,0,28661,0,0,0,0,
D18,0,104772,0,0,0,0,
I5,0,28532,0,0,0,0,
F11,0,359,0,0,0,0,
H18,0,32310,0,0,0,0,
H1,0,1687,0,0,0,0,
N8,0,21526,0,0,0,0,
F13,0,75959,0,0,0,0,
J3,0,107131,0,0,0,0,
F17,0,91505,0,0,0,0,
F19,0,57196,0,0,0,0,
H10,0,67621,0,0,0,0,
G1,0,1270,0,0,0,0,
J11,0,7783,0,0,0,0,
E4,0,18174,0,0,0,0,
G5,0,25614,0,0,0,0,
F9,0,19653,0,0,0,0,
G6,0,45312,0,0,0,0,
E11,0,36372,0,0,0,0,
G8,0,15758,0,0,0,0,
L11,0,39170,0,0,0,0,
G17,0,35003,0,0,0,0,
G19,0,41788,0,0,0,0,
P8,0,101561,0,0,0,0,
G20,0,21680,0,0,0,0,
A10,0,27853,0,0,0,0,
H2,0,2871,0,0,0,0,
H6,0,52734,0,0,0,0,
H7,0,9855,0,0,0,0,
H9,0,15560,0,0,0,0,
P24,0,14,0,0,0,0,
E2,0,2500,0,0,0,0,
H11,0,60897,0,0,0,0,
C18,0,91242,0,0,0,0,
I3,0,1671,0,0,0,0,
H12,0,1983,0,0,0,0,
O24,0,45522,0,0,0,0,
F3,0,72174,0,0,0,0,
H13,0,47683,0,0,0,0,
N22,0,16128,0,0,0,0,
F14,0,24782,0,0,0,0,
F23,0,19863,0,0,0,0,
H14,0,160,0,0,0,0,
D9,0,39933,0,0,0,0,
C16,0,27189,0,0,0,0,
E24,0,20147,0,0,0,0,
H19,0,42427,0,0,0,0,
O4,0,3077,0,0,0,0,
H21,0,39786,0,0,0,0,
H22,0,48861,0,0,0,0,
L22,0,15745,0,0,0,0,
K23,0,31759,0,0,0,0,
H23,0,45747,0,0,0,0,
I1,0,2151,0,0,0,0,
C5,0,34748,0,0,0,0,
H5,0,46683,0,0,0,0,
I2,0,104,0,0,0,0,
I6,0,28504,0,0,0,0,
